market,ticker,name,sector,strategy,buy_time,sell_time,hold_hours,buy_price,sell_price,qty,profit_rate,sell_reason,sell_bucket,buy_era,sell_era,buy_reason,open_position,post_exit_ok,post_exit_note,ret_5d,ret_10d,ret_20d,ret_60d,max_up_after_pct,max_down_after_pct,post_exit_verdict,post_exit_verdict_ko
KR,005290,동진쎄미켐,화학,V5_LEGACY,2026-03-03 11:12:43,2026-03-04 12:01:28,24.81,54900.0,47950.0,6.0,-12.659380692167577,하드스탑 이탈 (손실구간 방어),hard_stop,V5 레거시,V5 레거시,V5.0 기관 추세돌파,False,True,,4.9,6.78,1.25,12.41,50.57,-12.72,neutral,중립
KR,023900,풍국주정,음식료·담배,V5_LEGACY,2026-03-06 09:32:56,2026-03-06 14:51:22,5.31,9260.0,9500.0,32.0,2.9,V5.0 샹들리에 라인 붕괴 (추세 종료),other,V5 레거시,V5 레거시,V5.0 기관 추세돌파,False,True,,9.79,3.05,9.05,-16.74,38.32,-23.58,early_exit,조기청산(매도 후 상승)
KR,222080,씨아이에스,기계·장비,V5_LEGACY,2026-03-10 14:18:53,2026-03-13 11:55:45,69.61,14900.0,13420.0,19.0,-6.219426974143955,MANUAL(이제안할예정),manual,V5 레거시,V5 레거시,V5.0 기관 추세돌파,False,True,,-6.78,-8.94,-10.8,-23.25,48.14,-28.39,good_exit,적절청산(매도 후 하락)
COIN,KRW-ANIME,ANIME,암호화폐,V6_SNIPER,2026-03-17 10:14:18,2026-03-17 22:45:18,12.52,8.72,8.98,8926.71437525,0.0,V5.0 샹들리에 라인 붕괴 (추세 종료),other,V5 레거시,V5 레거시,V6 스나이퍼(수급+MACD+RSI),False,True,,-15.48,-21.49,-23.27,-25.72,-5.68,-29.51,good_exit,적절청산(매도 후 하락)
KR,010060,OCI홀딩스,금융,V5_LEGACY,2026-03-12 12:44:24,2026-03-23 09:54:59,261.18,166100.0,194100.0,3.0,14.988151658767773,이익 보존 락(Lock) 발동 (+15.0% 구간),profit_lock,V5 레거시,V5 레거시,V5.0 기관 추세돌파,False,True,,-1.96,11.54,40.65,32.15,113.29,-11.95,early_exit,조기청산(매도 후 상승)
KR,278470,에이피알,화학,V5_LEGACY,2026-03-06 15:01:34,2026-03-23 11:41:32,404.67,304000.0,326500.0,1.0,7.401315789473683,타임 스탑 발동 (보유 404.7시간 / 수익률 +7.40%),other,V5 레거시,V5 레거시,V5.0 기관 추세돌파,False,True,,-0.15,2.91,26.95,18.07,44.87,-5.97,early_exit,조기청산(매도 후 상승)
KR,112610,씨에스윈드,금속,V6_SNIPER,2026-03-17 11:14:28,2026-03-23 12:02:25,144.8,59000.0,64200.0,7.0,9.931506849315069,MANUAL(이제안할예정),manual,V5 레거시,V5 레거시,V6 스나이퍼(수급+MACD+RSI),False,True,,-1.71,14.17,-1.4,-33.88,23.68,-39.41,neutral,중립
KR,051600,한전KPS,건설,V6_SNIPER,2026-03-24 09:17:40,2026-03-24 10:58:39,1.68,64500.0,60250.0,6.0,-5.267295597484277,MANUAL(이제안할예정),manual,V5 레거시,V5 레거시,V6 스나이퍼(수급+MACD+RSI),False,True,,-7.88,-7.39,-0.08,-21.24,7.88,-29.71,neutral,중립
KR,375500,DL이앤씨,건설,V6_SNIPER,2026-03-24 09:17:24,2026-03-24 10:59:42,1.71,66200.0,57600.0,6.0,-6.645056726094004,MANUAL(이제안할예정),manual,V5 레거시,V5 레거시,V6 스나이퍼(수급+MACD+RSI),False,True,,15.97,31.25,74.65,28.47,85.07,0.52,early_exit,조기청산(매도 후 상승)
US,KO,The Coca-Cola Company,Consumer Defensive,V5_LEGACY,2026-03-04 23:43:55,2026-03-31 22:38:36,646.91,79.25,74.71,1.0,-4.8098362744473535,타임 스탑 발동 (보유 646.9시간 / 수익률 -2.87%),other,V5 레거시,V5 레거시,V5.0 기관 추세돌파,False,True,,2.79,0.16,4.89,10.6,12.62,-0.85,neutral,중립
US,PFE,Pfizer Inc.,Healthcare,V5_LEGACY,2026-03-04 23:44:33,2026-03-31 22:38:42,646.9,26.87,27.36,5.0,2.876480541455163,타임 스탑 발동 (보유 646.9시간 / 수익률 +4.96%),other,V5 레거시,V5 레거시,V5.0 기관 추세돌파,False,True,,-2.93,-3.92,-7.2,-12.75,1.6,-15.15,good_exit,적절청산(매도 후 하락)
US,XOM,Exxon Mobil Corporation,Energy,V5_LEGACY,2026-03-04 23:43:22,2026-04-01 22:54:01,671.18,150.74,160.67,1.0,7.520117778930274,타임 스탑 발동 (보유 671.2시간 / 수익률 +9.72%),other,V5 레거시,V5 레거시,V5.0 기관 추세돌파,False,True,,-4.77,-6.65,-5.21,-15.86,2.51,-16.55,good_exit,적절청산(매도 후 하락)
KR,278470,에이피알,화학,V6_SNIPER,2026-03-24 09:18:01,2026-04-08 10:09:12,360.85,324500.0,321500.0,1.0,-4.457652303120357,타임 스탑 발동 (보유 360.0시간 / 수익률 -4.46%),other,V5 레거시,V5 레거시,V6 스나이퍼(수급+MACD+RSI),False,True,,28.46,34.99,34.99,27.53,47.12,6.53,early_exit,조기청산(매도 후 상승)
KR,001740,SK네트웍스,유통,V6_SNIPER,2026-04-01 15:24:55,2026-04-10 12:37:03,213.2,5550.0,5340.0,25.0,-4.301075268817205,타임 스탑 발동 (보유 213.2시간 / 수익률 -4.30%),other,V5 레거시,V5 레거시,V6 스나이퍼(수급+MACD+RSI+상투방지),False,True,,1.69,6.37,16.67,55.43,150.0,-2.25,early_exit,조기청산(매도 후 상승)
KR,023530,롯데쇼핑,유통,V6_SNIPER,2026-03-27 15:17:42,2026-04-10 12:37:20,333.33,115200.0,108500.0,3.0,-4.9079754601226995,타임 스탑 발동 (보유 333.3시간 / 수익률 -4.91%),other,V5 레거시,V5 레거시,V6 스나이퍼(수급+MACD+RSI+상투방지),False,True,,11.8,22.58,39.82,45.99,94.47,-5.53,early_exit,조기청산(매도 후 상승)
KR,030200,KT,통신,V6_SNIPER,2026-04-08 15:23:27,2026-04-15 15:28:51,168.09,61800.0,64400.0,7.0,5.573770491803279,타임 스탑 발동 (보유 168.1시간 / 수익률 +5.57%),other,V5 레거시,V5 레거시,V6 스나이퍼(수급+MACD+RSI+상투방지),False,True,,-4.04,-6.06,-8.85,-19.88,0.62,-21.27,good_exit,적절청산(매도 후 하락)
KR,062040,산일전기,전기·전자,V6_SNIPER,2026-04-10 15:19:21,2026-04-17 12:21:14,165.03,154900.0,197000.0,3.0,28.75816993464052,V5.0 샹들리에 라인 붕괴 (api 오류로 매도-현재 수정완료),other,V5 레거시,V5 레거시,V6 스나이퍼(수급+MACD+RSI+상투방지),False,True,,12.69,69.29,24.62,-13.71,73.1,-22.39,early_exit,조기청산(매도 후 상승)
KR,023530,롯데쇼핑,유통,V6_SNIPER,2026-04-16 15:01:02,2026-04-21 14:34:52,119.56,121800.0,118100.0,3.0,-2.7983539094650207,오류로 인한 매수 후 매도,other,V5 레거시,V8 + 멀티전략,V6 스나이퍼(수급+MACD+RSI+상투방지),False,True,,12.28,15.24,38.1,10.41,78.66,-0.68,early_exit,조기청산(매도 후 상승)
KR,017800,현대엘리베이터,기계·장비,V6_SNIPER,2026-04-15 15:29:11,2026-04-21 14:35:02,143.1,99500.0,99800.0,1.0,0.2008032128514056,오류로 인한 매수 후 매도,other,V5 레거시,V8 + 멀티전략,V6 스나이퍼(수급+MACD+RSI+상투방지),False,True,,-0.4,-1.2,-16.73,-32.87,2.1,-33.67,good_exit,적절청산(매도 후 하락)
KR,005690,파미셀,전기·전자,V6_SNIPER,2026-04-16 15:02:47,2026-04-21 14:35:14,119.54,19430.0,18170.0,4.0,-6.34020618556701,오류로 인한 매수 후 매도,other,V5 레거시,V8 + 멀티전략,V6 스나이퍼(수급+MACD+RSI+상투방지),False,True,,8.97,5.12,-13.15,-41.06,16.4,-44.08,good_exit,적절청산(매도 후 하락)
COIN,KRW-XRP,XRP,암호화폐,V6_SNIPER,2026-04-17 08:30:32,2026-04-23 07:00:52,142.51,2139.0,2137.0,156.32401736,1.183712118816677,타임 스탑 발동 (보유 72.0시간 / 수익률 +1.18%),other,V5 레거시,V8 + 멀티전략,V6 스나이퍼(수급+MACD+RSI+상투방지),False,True,,-4.02,-3.65,-0.75,-20.17,6.83,-28.12,neutral,중립
COIN,KRW-BIO,BIO,암호화폐,V6_SNIPER,2026-04-22 08:31:02,2026-04-25 08:45:29,72.24,44.9,46.8,4156.68151447,4.231625835189306,타임 스탑 발동 (보유 72.2시간 / 수익률 +4.23%),other,V8 + 멀티전략,V8 + 멀티전략,V6 스나이퍼(수급+MACD+RSI+상투방지),False,True,,31.84,62.18,33.12,-7.05,109.4,-20.3,early_exit,조기청산(매도 후 상승)
COIN,KRW-USDT,USDT,암호화폐,SWING_FIB,2026-04-24 08:31:26,2026-04-27 10:45:51,74.24,1488.0,1481.0,106.11626344,-0.47043010752688175,하드스탑 이탈 (손실구간 방어),hard_stop,V8 + 멀티전략,V8 + 멀티전략,SWING_FIB,False,True,,0.07,-0.61,0.74,2.43,3.31,-1.82,neutral,중립
US,NEM,Newmont Corporation,Basic Materials,V6_SNIPER,2026-04-25 04:32:49,2026-04-28 23:15:49,90.72,120.13500213623047,108.6,2.0,-9.628026961804117,하드스탑 이탈 (손실구간 방어),hard_stop,V8 + 멀티전략,V8 + 멀티전략,V6 스나이퍼(수급+MACD+RSI+상투방지),False,True,,0.14,9.96,-1.26,-14.19,11.4,-18.28,neutral,중립
KR,022100,포스코DX,일반서비스,V6_SNIPER,2026-04-21 15:00:31,2026-04-30 09:46:08,210.76,34500.0,35600.0,14.0,2.8901734104046244,"[V8_TIME_STOP_KR] 타임스탑 — 보유 210.8h (≥168h), 수익률 +2.89% < 유예 4.0% → 전량 매도",time_stop,V8 + 멀티전략,Phase3 AI + Phase5 서킷,V6 스나이퍼(수급+MACD+RSI+상투방지),False,True,,-3.79,-5.06,-0.84,-51.54,13.76,-53.62,neutral,중립
US,NEE,"NextEra Energy, Inc.",Utilities,V6_SNIPER,2026-04-24 04:32:11,2026-05-01 04:46:10,168.23,96.5,95.54,2.0,-1.0050771940731518,"[V8_TIME_STOP_US] 타임스탑 — 보유 168.2h (≥168h), 수익률 +1.02% < 유예 4.0% → 전량 매도",time_stop,V8 + 멀티전략,Phase3 AI + Phase5 서킷,V6 스나이퍼(수급+MACD+RSI+상투방지),False,True,,-3.26,-2.99,-13.07,-7.41,0.85,-13.16,good_exit,적절청산(매도 후 하락)
KR,004020,현대제철,금속,V6_SNIPER,2026-04-21 15:00:41,2026-05-04 12:01:10,309.01,39900.0,41600.0,14.0,4.0,V5.0 샹들리에 라인 붕괴 (추세 종료),other,V8 + 멀티전략,Phase3 AI + Phase5 서킷,V6 스나이퍼(수급+MACD+RSI+상투방지),False,True,,1.92,-7.21,-8.53,-36.66,20.67,-43.15,good_exit,적절청산(매도 후 하락)
COIN,USDT-U,USDT-U,암호화폐,SWING_FIB,2026-05-10 08:31:46,2026-05-10 08:45:25,0.23,1.0,0.9999,176.0,-0.009999999999998899,[SWING-SELL] 스윙 하드스탑 이탈,swing_exit,Phase3 AI + Phase5 서킷,Phase3 AI + Phase5 서킷,SWING_FIB,False,False,OHLCV 부족,,,,,,,,
KR,028050,삼성E&A,일반서비스,V6_SNIPER,2026-04-01 15:24:26,2026-05-11 13:45:55,958.36,38100.0,58800.0,11.0,55.145118733509236,이익 보존 락(Lock) 발동 (+55.1% 구간),profit_lock,V5 레거시,Phase3 AI + Phase5 서킷,V6 스나이퍼(수급+MACD+RSI+상투방지),False,True,,-15.82,-7.14,-19.56,-15.9,1.02,-34.86,good_exit,적절청산(매도 후 하락)
COIN,USDT-PAXG,USDT-PAXG,암호화폐,V6_SNIPER,2026-05-12 08:31:01,2026-05-15 08:31:18,72.0,4741.92,4661.55,0.0371628,-1.694883085332521,"[V8_TIME_STOP_COIN] 타임스탑 — 보유 72.0h (≥72h), 수익률 -1.69% < 유예 4.0% → 전량 매도",time_stop,Phase3 AI + Phase5 서킷,Phase4 + 스윙 리팩터,V6 스나이퍼(수급+MACD+RSI+상투방지),False,True,,-7.76,-3.92,-3.92,-3.92,-3.9,-54.95,neutral,중립
COIN,USDT-XAUT,USDT-XAUT,암호화폐,V6_SNIPER,2026-05-12 08:31:12,2026-05-15 08:31:20,72.0,4739.48,4663.47,0.0371628,-1.6037624380733608,"[V8_TIME_STOP_COIN] 타임스탑 — 보유 72.0h (≥72h), 수익률 -1.60% < 유예 4.0% → 전량 매도",time_stop,Phase3 AI + Phase5 서킷,Phase4 + 스윙 리팩터,V6 스나이퍼(수급+MACD+RSI+상투방지),False,True,,-2.35,-6.15,-11.49,-3.3,-0.83,-15.35,good_exit,적절청산(매도 후 하락)
KR,017800,현대엘리베이터,기계·장비,SWING_FIB,2026-05-14 15:01:48,2026-05-15 11:16:13,20.24,93000.0,91900.0,6.0,-2.025586353944563,하드스탑 이탈 (손실구간 방어),hard_stop,Phase4 + 스윙 리팩터,Phase4 + 스윙 리팩터,SWING_FIB,False,True,,-8.27,-13.71,-10.12,-22.85,-1.63,-32.75,good_exit,적절청산(매도 후 하락)
US,INTC,Intel Corporation,Technology,V6_SNIPER,2026-04-08 04:54:12,2026-05-15 22:31:07,905.62,53.13,107.05,9.0,103.61388492629575,V5.0 샹들리에 라인 붕괴 (추세 종료),other,V5 레거시,Phase4 + 스윙 리팩터,V6 스나이퍼(수급+MACD+RSI+상투방지),False,True,,11.95,2.13,19.44,-5.7,32.98,-23.6,early_exit,조기청산(매도 후 상승)
US,GLW,Corning Incorporated,Technology,V6_SNIPER,2026-05-12 04:32:32,2026-05-18 23:31:21,162.98,207.0399932861328,177.21,2.0,-14.424377052346921,하드스탑 이탈 (손실구간 방어),hard_stop,Phase3 AI + Phase5 서킷,Phase4 + 스윙 리팩터,V6 스나이퍼(수급+MACD+RSI+상투방지),False,True,,10.53,13.09,0.12,-10.54,53.37,-35.39,neutral,중립
KR,421320,PLUS 우주항공&UAM,KR_IND_25,SWING_FIB,2026-05-18 15:01:07,2026-05-19 10:46:32,19.76,47380.0,45575.0,11.0,-4.790618138748689,하드스탑 이탈 (손실구간 방어),hard_stop,Phase4 + 스윙 리팩터,Phase4 + 스윙 리팩터,SWING_FIB,False,True,,1.5,-15.36,-21.4,-32.12,10.22,-56.09,good_exit,적절청산(매도 후 하락)
KR,483650,달바글로벌,KR_IND_266,SWING_FIB,2026-05-18 15:01:14,2026-05-19 11:01:11,20.0,229000.0,220500.0,1.0,-4.130434782608695,하드스탑 이탈 (손실구간 방어),hard_stop,Phase4 + 스윙 리팩터,Phase4 + 스윙 리팩터,SWING_FIB,False,True,,-6.12,-10.16,-9.07,3.63,28.34,-20.41,good_exit,적절청산(매도 후 하락)
KR,025560,미래산업,KR_IND_278,SWING_FIB,2026-05-19 15:01:11,2026-05-19 15:16:32,0.26,26000.0,25800.0,5.0,0.0,[SWING-SELL] 볼밴 상단 1차 익절,swing_exit,Phase4 + 스윙 리팩터,Phase4 + 스윙 리팩터,SWING_FIB,False,True,,-70.85,-75.08,-66.59,-60.54,-48.06,-80.43,good_exit,적절청산(매도 후 하락)
KR,000370,한화손해보험,손해보험,SWING_FIB,2026-05-19 15:01:48,2026-05-20 09:01:40,18.0,7680.0,7650.0,69.0,0.39370078740157477,"[SWING-SELL] 스윙 하드스탑 이탈 (현재가: 7,650 < 피보 8,490)",swing_exit,Phase4 + 스윙 리팩터,Phase4 + 스윙 리팩터,SWING_FIB,False,True,,-15.82,-21.57,-11.76,-8.24,0.39,-33.99,good_exit,적절청산(매도 후 하락)
KR,005500,삼진제약,제약,SWING_FIB,2026-05-19 15:01:35,2026-05-20 09:16:30,18.25,23700.0,22100.0,22.0,-9.795918367346939,"[SWING-SELL] 스윙 하드스탑 이탈 (현재가: 22,100 < 피보 22,496)",swing_exit,Phase4 + 스윙 리팩터,Phase4 + 스윙 리팩터,SWING_FIB,False,True,,-5.2,-8.14,-14.43,-19.5,4.52,-24.98,good_exit,적절청산(매도 후 하락)
KR,025560,미래산업,반도체와반도체장비,SWING_FIB,2026-05-19 15:01:11,2026-05-20 14:16:18,23.25,26000.0,26400.0,6.0,2.3255813953488373,"스윙 수익 보존 락 이탈 (락선 26,574, 수익 +2.33%, max_p 기준 락 최고+8.5%→보존+3.0%)",profit_lock,Phase4 + 스윙 리팩터,Phase4 + 스윙 리팩터,SWING_FIB,False,True,,-70.68,-76.89,-68.11,-61.55,-49.24,-79.73,good_exit,적절청산(매도 후 하락)
COIN,USDT-HOME,USDT-HOME,암호화폐,SWING_FIB,2026-05-20 08:31:42,2026-05-20 19:01:31,10.5,0.02139,0.02191,2035.962,2.431042543244505,"[SWING-SELL] 볼밴 상단 1차 익절 (볼밴: 0) (현재가: 0, 평단: 0 수익 +2.43%)",swing_exit,Phase4 + 스윙 리팩터,Phase4 + 스윙 리팩터,SWING_FIB,False,True,,-58.92,-69.47,-73.0,-73.0,150.0,-73.0,good_exit,적절청산(매도 후 하락)
COIN,USDT-HOME,USDT-HOME,암호화폐,SWING_FIB,2026-05-20 08:31:42,2026-05-20 23:31:40,15.0,0.02139,0.02197,2036.924,2.711547452080415,"스윙 수익 보존 락 이탈 (락선 0, 수익 +2.71%, max_p 기준 락 최고+8.3%→보존+3.0%)",profit_lock,Phase4 + 스윙 리팩터,Phase4 + 스윙 리팩터,SWING_FIB,False,True,,-59.04,-69.55,-73.07,-73.07,150.0,-73.07,good_exit,적절청산(매도 후 하락)
COIN,USDT-BANANAS31,USDT-BANANAS31,암호화폐,SWING_FIB,2026-05-21 08:31:39,2026-05-21 09:46:34,1.25,0.013944,0.01333,4587.408,-4.40332759609868,[SWING-SELL] 스윙 하드스탑 이탈 (현재가: 0 < 기준 0),swing_exit,Phase4 + 스윙 리팩터,Phase4 + 스윙 리팩터,SWING_FIB,False,False,OHLCV 부족,,,,,,,,
KR,414780,TIGER 차이나과창판STAR50(합성),ETF:STAR 50 Index(Price Return),SWING_FIB,2026-05-20 15:01:38,2026-05-21 11:31:28,20.5,16610.0,17060.0,16.0,2.18628331835879,"[SWING-SELL] 볼밴 상단 1차 익절 (볼밴: 16,985) (현재가: 17,060, 평단: 16,695 수익 +2.19%)",swing_exit,Phase4 + 스윙 리팩터,Phase4 + 스윙 리팩터,SWING_FIB,False,True,,-6.57,-12.6,4.81,-16.41,24.27,-21.48,neutral,중립
COIN,USDT-KITE,USDT-KITE,암호화폐,SWING_FIB,2026-05-20 08:31:46,2026-05-22 08:31:51,48.0,0.2413,0.2332,319.0806,-3.356817239950268,"[SWING_TIME_STOP_COIN] 타임스탑 — 보유 48.0h (≥48h), 수익률 -3.36% < 유예 2.0% → 전량 매도",time_stop,Phase4 + 스윙 리팩터,Phase4 + 스윙 리팩터,SWING_FIB,False,True,,-21.18,-21.18,-21.18,-21.18,-21.01,-52.96,good_exit,적절청산(매도 후 하락)
KR,414780,TIGER 차이나과창판STAR50(합성),ETF:STAR 50 Index(Price Return),SWING_FIB,2026-05-20 15:01:38,2026-05-22 11:31:56,44.51,16610.0,15845.0,16.0,-5.091344713986223,"[SWING-SELL] 스윙 하드스탑 이탈 (현재가: 15,845 < 기준 15,860, 절대한도 -5.0%)",swing_exit,Phase4 + 스윙 리팩터,Phase4 + 스윙 리팩터,SWING_FIB,False,True,,-3.94,-4.61,10.29,-9.66,33.8,-15.46,early_exit,조기청산(매도 후 상승)
US,TTWO,"Take-Two Interactive Software, Inc.",Communication Services,SWING_FIB,2026-05-22 04:33:30,2026-05-22 23:02:00,18.48,238.7100067138672,221.31,2.0,-7.293917365037681,"[SWING-SELL] 스윙 하드스탑 이탈 (현재가: 226 < 기준 227, 절대한도 -5.0%)",swing_exit,Phase4 + 스윙 리팩터,Phase4 + 스윙 리팩터,SWING_FIB,False,True,,2.56,-3.96,9.64,7.11,20.17,-6.92,early_exit,조기청산(매도 후 상승)
US,ANET,"Arista Networks, Inc.",Technology,SWING_FIB,2026-05-22 04:34:41,2026-05-23 02:16:07,21.69,146.8699951171875,154.24,1.0,5.025194062372324,"[SWING-SELL] 고정 +5% 1차 익절 (현재가: 154, 평단: 147 수익 +5.03%)",swing_exit,Phase4 + 스윙 리팩터,Phase4 + 스윙 리팩터,SWING_FIB,False,True,,13.67,-1.35,4.86,20.88,39.32,-5.78,neutral,중립
COIN,USDT-BNB,USDT-BNB,암호화폐,SWING_FIB,2026-05-22 08:32:15,2026-05-23 02:31:03,17.98,657.83,660.67,0.259805,0.43172248149216635,MANUAL(이제안할예정),manual,Phase4 + 스윙 리팩터,Phase4 + 스윙 리팩터,SWING_FIB,False,False,OHLCV 부족,,,,,,,,
COIN,USDT-TRX,USDT-TRX,암호화폐,SWING_FIB,2026-05-22 08:32:05,2026-05-23 02:31:15,17.99,0.3651,0.363,468.531,-0.5751848808545579,MANUAL(이제안할예정),manual,Phase4 + 스윙 리팩터,Phase4 + 스윙 리팩터,SWING_FIB,False,True,,-4.16,-5.15,-13.64,-11.63,4.68,-15.04,good_exit,적절청산(매도 후 하락)
COIN,USDT-ZBT,USDT-ZBT,암호화폐,SWING_FIB,2026-05-23 08:31:07,2026-05-23 08:45:58,0.25,0.1583,0.1575,449.1,-0.50536955148452,[SWING-SELL] 스윙 하드스탑 이탈 (현재가: 0 < 기준 0),swing_exit,Phase4 + 스윙 리팩터,Phase4 + 스윙 리팩터,SWING_FIB,False,True,,96.89,-55.54,-55.49,-55.49,96.89,-55.54,good_exit,적절청산(매도 후 하락)
COIN,USDT-WLD,USDT-WLD,암호화폐,SWING_FIB,2026-05-24 08:31:07,2026-05-24 16:15:59,7.75,0.2992,0.3053,139.15,2.038770053475934,"[SWING-SELL] 볼밴 상단 1차 익절 (볼밴: 0) (현재가: 0, 평단: 0 수익 +2.04%)",swing_exit,Phase4 + 스윙 리팩터,Phase4 + 스윙 리팩터,SWING_FIB,False,True,,15.95,98.13,121.45,-8.19,134.16,-18.83,early_exit,조기청산(매도 후 상승)
COIN,USDT-WLD,USDT-WLD,암호화폐,SWING_FIB,2026-05-24 08:31:07,2026-05-25 00:01:22,15.5,0.2992,0.3002,139.15,0.3342245989304815,"스윙 수익 보존 락 이탈 (락선 0, 수익 +0.33%, max_p 기준 락 최고+4.6%→보존+0.5%)",profit_lock,Phase4 + 스윙 리팩터,Phase4 + 스윙 리팩터,SWING_FIB,False,True,,38.91,101.43,86.08,26.95,138.14,-17.46,early_exit,조기청산(매도 후 상승)
US,ABBV,AbbVie Inc.,Healthcare,SWING_FIB,2026-05-23 04:32:45,2026-05-26 23:02:02,90.49,217.00999450683594,208.22,2.0,-4.059346634105885,[SWING-SELL] 스윙 하드스탑 이탈 (현재가: $212.47 < 기준 $212.95),swing_exit,Phase4 + 스윙 리팩터,Phase4 + 스윙 리팩터,SWING_FIB,False,True,,2.72,7.5,12.01,27.74,28.46,-0.34,early_exit,조기청산(매도 후 상승)
US,AMZN,"Amazon.com, Inc.",Consumer Cyclical,SWING_FIB,2026-05-22 04:36:36,2026-05-27 04:47:01,120.17,268.44000244140625,259.6,1.0,-3.3435103135006186,"[SWING_TIME_STOP_US] 타임스탑 — 보유 120.2h (≥120h), 수익률 -1.37% < 유예 2.0% → 전량 매도",time_stop,Phase4 + 스윙 리팩터,Phase4 + 스윙 리팩터,SWING_FIB,False,True,,-3.69,-8.32,-12.55,2.4,10.63,-13.12,good_exit,적절청산(매도 후 하락)
COIN,USDT-ZEC,USDT-ZEC,암호화폐,V6_SNIPER,2026-05-24 08:31:03,2026-05-27 08:32:01,72.02,638.68,574.38,0.111,-10.067639506482113,"[V8_TIME_STOP_COIN] 타임스탑 — 보유 72.0h (≥72h), 수익률 -10.07% < 유예 4.0% → 전량 매도",time_stop,Phase4 + 스윙 리팩터,Phase4 + 스윙 리팩터,V6 스나이퍼(수급+MACD+RSI+상투방지),False,False,OHLCV 부족,,,,,,,,
KR,006110,삼아알미늄,비철금속,V6_SNIPER,2026-05-22 15:02:04,2026-05-27 09:16:57,114.25,96600.0,84100.0,2.0,-12.577962577962579,하드스탑 이탈 (손실구간 방어),hard_stop,Phase4 + 스윙 리팩터,Phase4 + 스윙 리팩터,V6 스나이퍼(수급+MACD+RSI+상투방지),False,True,,-2.97,-28.66,-51.9,-31.51,6.78,-69.38,good_exit,적절청산(매도 후 하락)
KR,003550,LG,복합기업,V6_SNIPER,2026-05-21 15:01:51,2026-05-27 15:02:27,144.01,123600.0,118800.0,2.0,-3.727714748784441,"[V8_TIME_STOP_KR] 타임스탑 — 보유 72.0h (≥72h), 수익률 -3.73% < 유예 4.0% → 전량 매도",time_stop,Phase4 + 스윙 리팩터,Phase4 + 스윙 리팩터,V6 스나이퍼(수급+MACD+RSI+상투방지),False,True,,9.34,-9.51,-16.33,-6.14,56.48,-25.84,good_exit,적절청산(매도 후 하락)
COIN,USDT-FET,USDT-FET,암호화폐,SWING_FIB,2026-05-27 08:32:18,2026-05-28 08:47:03,24.25,0.2528,0.242,425.7738,-4.272151898734189,"[SWING_TIME_STOP_COIN] 타임스탑 — 보유 24.2h (≥24h), 수익률 -4.27% < 유예 2.0% → 전량 매도",time_stop,Phase4 + 스윙 리팩터,Phase4 + 스윙 리팩터,SWING_FIB,False,False,OHLCV 부족,,,,,,,,
COIN,USDT-RENDER,USDT-RENDER,암호화폐,V6_SNIPER,2026-05-25 08:32:06,2026-05-28 09:32:06,73.0,2.013,2.106,52.21773,4.619970193740684,V5.0 샹들리에 라인 붕괴 (추세 종료),other,Phase4 + 스윙 리팩터,Phase4 + 스윙 리팩터,V6 스나이퍼(수급+MACD+RSI+상투방지),False,True,,-17.0,3.66,-32.34,-35.94,3.89,-40.5,good_exit,적절청산(매도 후 하락)
US,GE,GE Aerospace,Industrials,SWING_FIB,2026-05-27 04:48:48,2026-05-29 22:32:16,65.72,314.17999267578125,311.15,1.0,-0.9644129945944968,"[SWING_TIME_STOP_US] 타임스탑 — 보유 65.7h (≥48h), 수익률 +1.06% < 유예 2.0% → 전량 매도",time_stop,Phase4 + 스윙 리팩터,Phase4 + 스윙 리팩터,SWING_FIB,False,True,,5.28,7.63,19.96,14.49,24.97,-0.17,early_exit,조기청산(매도 후 상승)
US,MAR,"Marriott International, Inc.",Consumer Cyclical,SWING_FIB,2026-05-27 04:33:58,2026-05-30 00:01:18,67.46,373.55999755859375,373.19,1.0,-0.11241669120205988,"[SWING_TIME_STOP_US] 타임스탑 — 보유 67.4h (≥48h), 수익률 +1.93% < 유예 2.0% → 전량 매도",time_stop,Phase4 + 스윙 리팩터,Phase4 + 스윙 리팩터,SWING_FIB,False,True,,4.88,7.35,-0.7,-3.55,10.13,-8.68,neutral,중립
COIN,USDT-ZEC,USDT-ZEC,암호화폐,SWING_FIB,2026-05-29 08:47:08,2026-05-30 09:01:08,24.23,546.39,530.5,0.108891,-2.9081791394425203,"[SWING_TIME_STOP_COIN] 타임스탑 — 보유 24.2h (≥24h), 수익률 -2.91% < 유예 2.0% → 전량 매도",time_stop,Phase4 + 스윙 리팩터,Phase4 + 스윙 리팩터,SWING_FIB,False,False,OHLCV 부족,,,,,,,,
COIN,USDT-BNB,USDT-BNB,암호화폐,SWING_FIB,2026-05-22 08:32:15,2026-05-30 12:16:05,195.73,657.83,660.66,0.00019500000000000073,2.9578606158833094,"[SWING-SELL] 1.5R 1차 익절 (현재 1.65R≥1.5R, 목표≥659, 평단 642 수익 +2.96%)",swing_exit,Phase4 + 스윙 리팩터,Phase4 + 스윙 리팩터,SWING_FIB,False,False,OHLCV 부족,,,,,,,,
COIN,USDT-BNB,USDT-BNB,암호화폐,SWING_FIB,2026-05-30 08:31:15,2026-05-30 12:16:05,3.75,641.68,660.66,0.12967471,2.9578606158833094,"[SWING-SELL] 1.5R 1차 익절 (현재 1.65R≥1.5R, 목표≥659, 평단 642 수익 +2.96%)",swing_exit,Phase4 + 스윙 리팩터,Phase4 + 스윙 리팩터,SWING_FIB,False,False,OHLCV 부족,,,,,,,,
COIN,USDT-TRX,USDT-TRX,암호화폐,SWING_FIB,2026-05-22 08:32:05,2026-06-01 08:31:45,239.99,0.3651,0.351,0.4689999999999941,0.8620689655172422,"[SWING_TIME_STOP_COIN] 타임스탑 — 보유 24.0h (≥24h), 수익률 +0.86% < 유예 2.0% → 전량 매도",time_stop,Phase4 + 스윙 리팩터,market_cycles 분리,SWING_FIB,False,True,,-7.89,-9.49,-6.21,-7.69,-1.79,-12.14,good_exit,적절청산(매도 후 하락)
COIN,USDT-TRX,USDT-TRX,암호화폐,SWING_FIB,2026-05-31 08:31:10,2026-06-01 08:31:45,24.01,0.348,0.351,495.63100000000003,0.8620689655172422,"[SWING_TIME_STOP_COIN] 타임스탑 — 보유 24.0h (≥24h), 수익률 +0.86% < 유예 2.0% → 전량 매도",time_stop,미상,market_cycles 분리,SWING_FIB,False,True,,-7.89,-9.49,-6.21,-7.69,-1.79,-12.14,good_exit,적절청산(매도 후 하락)
COIN,USDT-WLD,USDT-WLD,암호화폐,SWING_FIB,2026-06-01 08:31:58,2026-06-01 09:17:07,0.75,0.3474,0.3617,77.8,4.1162924582613805,"[SWING-SELL] 1.5R 1차 익절 (현재 3.04R≥1.5R, 목표≥0.354452, 평단 0 수익 +4.12%)",swing_exit,market_cycles 분리,market_cycles 분리,SWING_FIB,False,True,,67.18,33.76,93.28,4.04,97.65,-31.49,early_exit,조기청산(매도 후 상승)
COIN,USDT-BNB,USDT-BNB,암호화폐,SWING_FIB,2026-05-30 08:31:15,2026-06-01 22:47:03,62.26,641.68,685.83,0.13019171,6.880376511656916,[SWING-SELL] 5MA 트레일링 이탈 (현재가: 686 < 5MA: 687),swing_exit,Phase4 + 스윙 리팩터,market_cycles 분리,SWING_FIB,False,False,OHLCV 부족,,,,,,,,
COIN,USDT-WLD,USDT-WLD,암호화폐,SWING_FIB,2026-06-01 08:31:58,2026-06-02 10:16:59,25.75,0.3474,0.4364,77.8,25.618883131836505,MANUAL(api 오류로 서킷발동-해결됨),phase5_circuit,market_cycles 분리,market_cycles 분리,SWING_FIB,False,True,,-4.06,10.86,11.18,-13.77,63.82,-43.22,early_exit,조기청산(매도 후 상승)
KR,379810,KODEX 미국나스닥100,ETF:NASDAQ-100 Total Return Index,SWING_FIB,2026-05-20 15:01:47,2026-06-02 10:47:02,307.75,28890.0,30480.0,18.0,5.5218971784663315,MANUAL(api 오류로 서킷발동-해결됨),phase5_circuit,Phase4 + 스윙 리팩터,market_cycles 분리,SWING_FIB,False,True,,-4.26,-0.97,1.73,-10.45,2.3,-14.88,neutral,중립
US,SHOP,Shopify Inc.,Technology,SWING_FIB,2026-06-02 04:33:32,2026-06-02 22:31:27,17.97,124.14959716796875,118.22,4.0,-4.853118712273643,[SWING-SELL] 스윙 하드스탑 이탈 (현재가: $120.63 < 기준 $120.76),swing_exit,market_cycles 분리,market_cycles 분리,SWING_FIB,False,True,,-6.6,-4.22,2.88,23.99,34.39,-11.94,neutral,중립
US,AXON,"Axon Enterprise, Inc.",Industrials,SWING_FIB,2026-06-02 04:33:47,2026-06-02 22:31:32,17.96,482.5459899902344,451.43,1.0,-6.435499917095012,[SWING-SELL] 스윙 하드스탑 이탈 (현재가: $460.64 < 기준 $463.69),swing_exit,market_cycles 분리,market_cycles 분리,SWING_FIB,False,True,,0.24,-3.55,31.57,43.04,47.33,-10.95,early_exit,조기청산(매도 후 상승)
US,FAST,Fastenal Company,Industrials,SWING_FIB,2026-06-04 04:33:53,2026-06-04 22:33:17,17.99,46.26499938964844,47.23,2.0,2.074778474173317,"[SWING-SELL] 1.5R 1차 익절 (현재 8.60R≥1.5R, 목표≥$46.44, 평단 46 수익 +2.07%)",swing_exit,market_cycles 분리,market_cycles 분리,SWING_FIB,False,True,,-2.31,-3.37,1.73,8.91,12.05,-7.22,neutral,중립
US,FAST,Fastenal Company,Industrials,SWING_FIB,2026-06-04 04:33:53,2026-06-04 22:47:58,18.23,46.26499938964844,47.185,1.0,4.138159346722562,"[SWING-SELL] 1.5R 1차 익절 (현재 16.80R≥1.5R, 목표≥$45.48, 평단 45 수익 +4.14%)",swing_exit,market_cycles 분리,market_cycles 분리,SWING_FIB,False,True,,-2.22,-3.28,1.83,9.02,12.15,-7.13,neutral,중립
US,ANET,"Arista Networks, Inc.",Technology,SWING_FIB,2026-05-22 04:34:41,2026-06-04 23:02:58,330.47,146.8699951171875,156.22,2.0,6.373416859594161,"[SWING-SELL] 오버슈팅 캔들 트레일링 이탈 (현재가: $159.41 < 트레일: $168.71, 전일저가: $168.71)",swing_exit,Phase4 + 스윙 리팩터,market_cycles 분리,SWING_FIB,False,True,,0.12,8.61,10.92,19.35,37.56,-6.98,early_exit,조기청산(매도 후 상승)
KR,086790,하나금융지주,은행,SWING_FIB,2026-06-04 15:02:13,2026-06-05 09:33:34,18.52,120500.0,124900.0,2.0,3.6514522821576767,"[SWING-SELL] 1.5R 1차 익절 (현재 4.25R≥1.5R, 목표≥122,055, 평단 120,500 수익 +3.65%)",swing_exit,market_cycles 분리,market_cycles 분리,SWING_FIB,False,True,,-3.12,-1.12,0.56,0.8,14.09,-13.85,neutral,중립
US,ETN,Eaton Corporation plc,Industrials,SWING_FIB,2026-06-04 04:33:05,2026-06-05 23:03:00,42.5,420.3299865722656,393.04,1.0,-6.490293110011414,[SWING-SELL] 스윙 하드스탑 이탈 (현재가: $401.06 < 기준 $405.32),swing_exit,market_cycles 분리,market_cycles 분리,SWING_FIB,False,True,,-0.66,10.6,0.42,8.05,21.62,-9.11,neutral,중립
KR,069960,현대백화점,백화점과일반상점,TREND_V8,2026-06-04 15:01:45,2026-06-08 09:33:18,90.53,140400.0,139000.0,2.0,-0.7851534618129907,하드스탑 이탈 (손실구간 방어),hard_stop,market_cycles 분리,market_cycles 분리,V6 스나이퍼(수급+MACD+RSI+상투방지),False,True,,31.8,41.01,26.98,-31.22,59.71,-32.37,early_exit,조기청산(매도 후 상승)
KR,086790,하나금융지주,은행,SWING_FIB,2026-06-04 15:02:13,2026-06-08 09:33:26,90.52,120500.0,118000.0,2.0,-2.0746887966804977,"[SWING-SELL] 스윙 하드스탑 이탈 (현재가: 118,000 < 기준 119,784)",swing_exit,market_cycles 분리,market_cycles 분리,SWING_FIB,False,True,,9.58,1.44,5.76,6.69,20.76,-8.81,early_exit,조기청산(매도 후 상승)
US,FAST,Fastenal Company,Industrials,SWING_FIB,2026-06-04 04:33:53,2026-06-08 22:31:17,113.96,46.26499938964844,45.85,1.0,-0.9077155824508357,"[SWING_TIME_STOP_US] 타임스탑 — 보유 66.0h (≥48h), 수익률 +1.12% < 유예 2.0% → 전량 매도",time_stop,market_cycles 분리,market_cycles 분리,SWING_FIB,False,True,,-0.0,-1.09,0.89,12.19,15.42,-4.43,neutral,중립
US,GM,General Motors Company,Consumer Cyclical,SWING_FIB,2026-06-04 04:33:20,2026-06-08 22:31:22,113.97,81.84500122070312,79.89,6.0,-2.3946243127672497,"[SWING_TIME_STOP_US] 타임스탑 — 보유 66.0h (≥48h), 수익률 -0.40% < 유예 2.0% → 전량 매도",time_stop,market_cycles 분리,market_cycles 분리,SWING_FIB,False,True,,5.23,-1.18,-4.57,6.35,14.97,-7.1,neutral,중립
COIN,USDT-NEAR,USDT-NEAR,암호화폐,SWING_FIB,2026-06-08 08:32:32,2026-06-09 01:00:54,16.47,2.052,2.213,9.8901,7.8460038986354785,"[SWING-SELL] 1.5R 1차 익절 (현재 1.56R≥1.5R, 목표≥2.2070, 평단 2 수익 +7.85%)",swing_exit,market_cycles 분리,market_cycles 분리,SWING_FIB,False,True,,5.33,25.17,8.81,-27.29,42.88,-27.7,early_exit,조기청산(매도 후 상승)
COIN,USDT-ONDO,USDT-ONDO,암호화폐,SWING_FIB,2026-06-09 08:31:20,2026-06-09 09:16:19,0.75,0.3652,0.3635,160.9389,-0.4654983570646316,[SWING-SELL] 스윙 기술바닥 이탈 (현재가: 0.3635 < 기준 0.3645),swing_exit,market_cycles 분리,market_cycles 분리,SWING_FIB,False,True,,4.65,-8.5,-7.43,-4.54,23.82,-19.06,good_exit,적절청산(매도 후 하락)
COIN,USDT-NEAR,USDT-NEAR,암호화폐,SWING_FIB,2026-06-08 08:32:32,2026-06-09 09:46:14,25.23,2.052,2.085,9.9099,1.6081871345029202,"[SWING_TIME_STOP_COIN] 타임스탑 — 보유 25.2h (≥24h), 수익률 +1.61% < 유예 2.0% → 전량 매도",time_stop,market_cycles 분리,market_cycles 분리,SWING_FIB,False,True,,11.8,32.85,15.49,-22.83,51.65,-23.26,early_exit,조기청산(매도 후 상승)
US,WDAY,"Workday, Inc.",Technology,SWING_FIB,2026-06-09 04:32:08,2026-06-09 22:32:46,18.01,143.92300415039062,135.77,3.0,-5.715277777777771,[SWING-SELL] 스윙 기술바닥 이탈 (현재가: $138.54 < 기준 $140.20),swing_exit,market_cycles 분리,market_cycles 분리,SWING_FIB,False,True,,-6.63,-13.02,1.89,46.14,67.56,-17.88,neutral,중립
KR,133690,TIGER 미국나스닥100,ETF:NASDAQ 100,TREND_V8,2026-06-09 15:01:39,2026-06-10 14:48:29,23.78,198070.0,194680.0,5.0,-1.7115161306608773,하드스탑 이탈 (손실구간 방어),hard_stop,market_cycles 분리,market_cycles 분리,HEDGE_PHASE4,False,True,,3.7,3.45,-0.8,-6.24,7.15,-10.84,neutral,중립
US,PCAR,PACCAR Inc,Industrials,SWING_FIB,2026-06-09 04:32:29,2026-06-11 22:31:48,65.99,118.80999755859375,112.26,4.0,-5.528906841706634,[SWING-SELL] 스윙 기술바닥 이탈 (현재가: $114.55 < 기준 $115.27),swing_exit,market_cycles 분리,market_cycles 분리,SWING_FIB,False,True,,5.68,7.22,10.4,13.55,23.71,3.34,early_exit,조기청산(매도 후 상승)
US,HLT,Hilton Worldwide Holdings Inc.,Consumer Cyclical,SWING_FIB,2026-06-09 04:33:02,2026-06-11 22:31:52,65.98,341.1300048828125,333.8,1.0,-2.1186130049116536,"[SWING_TIME_STOP_US] 타임스탑 — 보유 66.0h (≥48h), 수익률 -0.12% < 유예 2.0% → 전량 매도",time_stop,market_cycles 분리,market_cycles 분리,SWING_FIB,False,True,,4.51,-0.28,-3.4,0.28,7.25,-7.0,neutral,중립
US,TMO,Thermo Fisher Scientific Inc.,Healthcare,SWING_FIB,2026-06-10 04:33:51,2026-06-11 23:46:28,43.21,492.1600036621094,466.86,1.0,-5.140605387242923,[SWING-SELL] 스윙 기술바닥 이탈 (현재가: $476.39 < 기준 $477.40),swing_exit,market_cycles 분리,market_cycles 분리,SWING_FIB,False,True,,-0.48,9.89,13.21,31.42,32.9,-1.97,early_exit,조기청산(매도 후 상승)
KR,304660,KODEX 미국30년국채울트라선물(H),ETF:S&P Ultra T-Bond Futures Index(ER),TREND_V8,2026-06-09 15:01:14,2026-06-12 15:02:02,72.01,7425.0,7510.0,138.0,1.144781144781145,"[V8_TIME_STOP_KR] 타임스탑 — 보유 72.0h (≥72h), 수익률 +1.14% < 유예 4.0% → 전량 매도",time_stop,market_cycles 분리,스윙 BEAR 차단·진입 강화,HEDGE_PHASE4,False,True,,0.4,1.53,-1.0,-2.53,1.73,-4.86,neutral,중립
COIN,USDT-NEAR,USDT-NEAR,암호화폐,SWING_FIB,2026-06-12 08:31:38,2026-06-12 22:46:26,14.25,2.061,2.065,41.6583,0.19408054342552175,"스윙 수익 보존 락 이탈 (락선 2, 수익 +0.19%, max_p 기준 락 최고+4.0%→본절+0.5%)",profit_lock,스윙 BEAR 차단·진입 강화,스윙 BEAR 차단·진입 강화,SWING_FIB,False,True,,35.45,-6.0,18.16,-13.8,53.12,-22.52,early_exit,조기청산(매도 후 상승)
US,JPM,JPMorgan Chase & Co.,Financial Services,SWING_FIB,2026-06-12 04:33:29,2026-06-16 23:47:47,115.24,314.54,328.415,1.0,4.411203662491257,"[SWING-SELL] 1.5R 1차 익절 (현재 1.52R≥1.5R, 목표≥$328.22, 평단 315 수익 +4.41%)",swing_exit,스윙 BEAR 차단·진입 강화,스윙 BEAR 차단·진입 강화,SWING_FIB,False,True,,1.08,1.27,4.49,8.78,11.6,-1.74,neutral,중립
US,TJX,"The TJX Companies, Inc.",Consumer Cyclical,SWING_FIB,2026-06-12 04:32:58,2026-06-17 04:32:45,120.0,168.03,163.22,4.0,-2.862584062369816,[SWING-SELL] 스윙 기술바닥 이탈 (현재가: $166.56 < 기준 $166.56),swing_exit,스윙 BEAR 차단·진입 강화,스윙 BEAR 차단·진입 강화,SWING_FIB,False,True,,-5.22,-5.79,-5.66,-11.47,2.17,-13.04,good_exit,적절청산(매도 후 하락)
KR,100090,SK오션플랜트,에너지장비및서비스,TREND_V8,2026-06-16 15:01:36,2026-06-18 10:05:04,43.06,21400.0,18140.0,36.0,-15.233644859813083,하드스탑 이탈 (손실구간 방어),hard_stop,스윙 BEAR 차단·진입 강화,스윙 BEAR 차단·진입 강화,V6 스나이퍼(수급+MACD+RSI+상투방지),False,True,,-8.21,-14.06,-26.46,-23.7,14.94,-39.31,good_exit,적절청산(매도 후 하락)
US,BAC,Bank of America Corporation,Financial Services,SWING_FIB,2026-06-12 04:32:46,2026-06-19 01:33:05,165.01,55.29,55.17,14.0,-0.21703743895821564,"⏳ [타임스탑 발동] 전략: SWING_FIB, 기준: 72h 초과 청산 ([SWING_TIME_STOP_US] 보유 115.5h, 수익률 +1.81% < 유예 2.0%)",time_stop,스윙 BEAR 차단·진입 강화,스윙 BEAR 차단·진입 강화,SWING_FIB,False,True,,4.91,8.5,10.97,14.5,18.23,3.03,early_exit,조기청산(매도 후 상승)
COIN,USDT-NEAR,USDT-NEAR,암호화폐,SWING_FIB,2026-06-12 08:31:38,2026-06-21 16:45:53,224.24,2.061,2.246,0.041700000000005844,2.2768670309653833,"[SWING-SELL] 1.5R 1차 익절 (현재 1.67R≥1.5R, 목표≥2.2410, 평단 2 수익 +2.28%)",swing_exit,스윙 BEAR 차단·진입 강화,스윙 BEAR 차단·진입 강화,SWING_FIB,False,True,,-21.46,7.21,-18.83,-20.75,23.37,-28.76,good_exit,적절청산(매도 후 하락)
COIN,USDT-NEAR,USDT-NEAR,암호화폐,SWING_FIB,2026-06-21 08:30:57,2026-06-21 16:45:53,8.25,2.196,2.246,30.227999999999994,2.2768670309653833,"[SWING-SELL] 1.5R 1차 익절 (현재 1.67R≥1.5R, 목표≥2.2410, 평단 2 수익 +2.28%)",swing_exit,스윙 BEAR 차단·진입 강화,스윙 BEAR 차단·진입 강화,SWING_FIB,False,True,,-21.46,7.21,-18.83,-20.75,23.37,-28.76,good_exit,적절청산(매도 후 하락)
COIN,USDT-NEAR,USDT-NEAR,암호화폐,SWING_FIB,2026-06-21 08:30:57,2026-06-21 21:31:08,13.0,2.196,2.178,30.3394,-0.8196721311475518,[SWING-SELL] 5MA 트레일링 이탈 (현재가: 2.1780 < 5MA: 2.2140),swing_exit,스윙 BEAR 차단·진입 강화,스윙 BEAR 차단·진입 강화,SWING_FIB,False,True,,-19.01,10.56,-16.3,-18.27,27.23,-26.54,good_exit,적절청산(매도 후 하락)
KR,138930,BNK금융지주,은행,TREND_V8,2026-06-16 15:03:01,2026-06-22 10:18:10,139.25,18660.0,17090.0,55.0,-8.413719185423366,하드스탑 이탈 (손실구간 방어),hard_stop,스윙 BEAR 차단·진입 강화,스윙 BEAR 차단·진입 강화,V6 스나이퍼(수급+MACD+RSI+상투방지),False,True,,-0.94,8.89,5.91,-15.39,11.47,-17.09,early_exit,조기청산(매도 후 상승)
KR,483650,달바글로벌,화장품,SWING_FIB,2026-06-17 15:10:18,2026-06-22 13:46:52,118.61,207000.0,203000.0,3.0,-1.932367149758454,"[SWING-SELL] 스윙 기술바닥 이탈 (현재가: 203,000 < 기준 203,527)",swing_exit,스윙 BEAR 차단·진입 강화,스윙 BEAR 차단·진입 강화,SWING_FIB,False,True,,14.78,7.39,16.26,7.88,39.41,-5.37,early_exit,조기청산(매도 후 상승)
US,HLT,Hilton Worldwide Holdings Inc.,Consumer Cyclical,SWING_FIB,2026-06-18 04:30:00,2026-06-23 22:33:00,138.05,349.93,332.74,2.0,-4.912411053639298,[SWING-SELL] 스윙 기술바닥 이탈 (현재가: $339.54 < 기준 $344.83),swing_exit,스윙 BEAR 차단·진입 강화,스윙 BEAR 차단·진입 강화,SWING_FIB,False,True,,-0.69,0.12,-2.56,0.6,5.3,-6.7,neutral,중립
KR,004710,한솔테크닉스,전자장비와기기,TREND_V8,2026-06-22 15:01:18,2026-06-24 12:33:24,45.53,15340.0,11430.0,28.0,-25.488917861799216,하드스탑 이탈 (손실구간 방어),hard_stop,스윙 BEAR 차단·진입 강화,스윙 BEAR 차단·진입 강화,V6 스나이퍼(수급+MACD+RSI+상투방지),False,True,,-5.34,-28.08,-23.62,-34.12,8.4,-53.63,good_exit,적절청산(매도 후 하락)
US,TLT,iShares 20+ Year Treasury Bond ETF,Unknown,SWING_FIB,2026-06-24 04:34:48,2026-06-25 01:17:18,20.71,86.19,87.43499755859375,2.0,1.4444802861048294,"[SWING-SELL] 1.5R 1차 익절 (현재 1.52R≥1.5R, 목표≥$87.42, 평단 86 수익 +1.44%)",swing_exit,스윙 BEAR 차단·진입 강화,스윙 BEAR 차단·진입 강화,SWING_FIB,False,True,,-2.59,-3.78,-5.17,-5.05,-0.65,-7.17,good_exit,적절청산(매도 후 하락)
KR,261240,KODEX 미국달러선물,ETF:미국달러 선물지수,SWING_FIB,2026-06-22 15:01:49,2026-06-25 09:31:57,66.5,15785.0,15890.0,30.0,0.6651884700665188,"[SWING-SELL] 1.5R 1차 익절 (현재 1.61R≥1.5R, 목표≥15,883, 평단 15,785 수익 +0.67%)",swing_exit,스윙 BEAR 차단·진입 강화,스윙 BEAR 차단·진입 강화,SWING_FIB,False,True,,0.53,-2.52,-4.94,-9.47,0.85,-10.1,neutral,중립
US,TTWO,"Take-Two Interactive Software, Inc.",Communication Services,SWING_FIB,2026-06-24 04:34:00,2026-06-26 02:47:17,46.22,243.9972,228.41,3.0,-6.388270029328204,[SWING-SELL] 스윙 기술바닥 이탈 (현재가: $233.07 < 기준 $233.26),swing_exit,스윙 BEAR 차단·진입 강화,스윙 BEAR 차단·진입 강화,SWING_FIB,False,True,,13.13,6.87,6.8,3.78,16.43,-0.09,early_exit,조기청산(매도 후 상승)
US,TLT,iShares 20+ Year Treasury Bond ETF,Unknown,SWING_FIB,2026-06-24 04:34:48,2026-06-30 22:32:10,161.96,86.19,85.42,1.0,-0.8933751015198933,[SWING-SELL] 5MA 트레일링 이탈 (현재가: $87.16 < 5MA: $87.34),swing_exit,스윙 BEAR 차단·진입 강화,스윙 BEAR 차단·진입 강화,SWING_FIB,False,True,,-1.64,-1.78,-3.4,-2.81,0.03,-4.98,neutral,중립
US,GLW,Corning Incorporated,Technology,TREND_V8,2026-06-23 04:34:22,2026-07-01 22:48:50,210.24,207.98,227.35,3.0,9.313395518799886,V5.0 샹들리에 라인 붕괴 (추세 종료),other,스윙 BEAR 차단·진입 강화,스윙 BEAR 차단·진입 강화,V6 스나이퍼(수급+MACD+RSI+상투방지),False,True,,-15.38,-30.33,-40.52,-32.94,-1.47,-49.64,good_exit,적절청산(매도 후 하락)
KR,261240,KODEX 미국달러선물,ETF:미국달러 선물지수,SWING_FIB,2026-06-30 15:01:15,2026-07-03 10:49:21,67.8,15915.0,15810.0,58.0,-0.6597549481621112,"[SWING-SELL] 스윙 기술바닥 이탈 (현재가: 15,810 < 기준 15,827)",swing_exit,스윙 BEAR 차단·진입 강화,스윙 BEAR 차단·진입 강화,SWING_FIB,False,True,,-2.25,-3.8,-6.86,-9.01,0.0,-9.65,good_exit,적절청산(매도 후 하락)
COIN,USDT-XLM,USDT-XLM,암호화폐,SWING_FIB,2026-07-04 08:30:56,2026-07-05 01:30:59,17.0,0.2039,0.2149,554.445,5.3948013732221725,"[SWING-SELL] 1.5R 1차 익절 (현재 1.80R≥1.5R, 목표≥0.213076, 평단 0 수익 +5.39%)",swing_exit,스윙 BEAR 차단·진입 강화,스윙 BEAR 차단·진입 강화,SWING_FIB,False,True,,-12.05,-12.19,-16.33,-21.68,-4.05,-29.5,good_exit,적절청산(매도 후 하락)
COIN,USDT-XLM,USDT-XLM,암호화폐,SWING_FIB,2026-07-04 08:30:56,2026-07-05 11:15:41,26.75,0.2039,0.2026,554.89,-0.6375674350171631,[SWING-SELL] 5MA 트레일링 이탈 (현재가: 0.2026 < 5MA: 0.20288),swing_exit,스윙 BEAR 차단·진입 강화,스윙 BEAR 차단·진입 강화,SWING_FIB,False,True,,-6.71,-6.86,-11.25,-16.93,1.78,-25.22,good_exit,적절청산(매도 후 하락)
KR,010120,LS ELECTRIC,전기장비,TREND_V8,2026-07-01 15:02:45,2026-07-06 11:17:56,116.25,262500.0,213500.0,2.0,-18.666666666666668,하드스탑 이탈 (손실구간 방어),hard_stop,스윙 BEAR 차단·진입 강화,스윙 BEAR 차단·진입 강화,V6 스나이퍼(수급+MACD+RSI+상투방지),False,True,,-13.58,-11.43,-7.73,-5.85,5.85,-30.68,good_exit,적절청산(매도 후 하락)
US,TLT,iShares 20+ Year Treasury Bond ETF,Unknown,SWING_FIB,2026-07-02 04:37:49,2026-07-06 23:48:51,115.18,85.635,83.5,4.0,-2.493139487359146,[SWING-SELL] 스윙 기술바닥 이탈 (현재가: $85.20 < 기준 $85.24),swing_exit,스윙 BEAR 차단·진입 강화,스윙 BEAR 차단·진입 강화,SWING_FIB,False,True,,0.16,0.06,-1.57,-0.57,1.59,-2.79,neutral,중립
KR,261240,KODEX 미국달러선물,ETF:미국달러 선물지수,SWING_FIB,2026-07-06 15:02:33,2026-07-07 09:49:49,18.79,15745.0,15715.0,54.0,-0.1905366783105748,"[SWING-SELL] 스윙 기술바닥 이탈 (현재가: 15,715 < 기준 15,720)",swing_exit,스윙 BEAR 차단·진입 강화,스윙 BEAR 차단·진입 강화,SWING_FIB,False,True,,-2.2,-2.99,-6.55,-8.46,-0.38,-9.1,good_exit,적절청산(매도 후 하락)
COIN,USDT-XPL,USDT-XPL,암호화폐,SWING_FIB,2026-07-06 08:32:12,2026-07-08 08:33:31,48.02,0.10743,0.10169,1099.4994,-5.343014055664149,[SWING-SELL] 스윙 기술바닥 이탈 (현재가: 0.10169 < 기준 0.102433),swing_exit,스윙 BEAR 차단·진입 강화,스윙 BEAR 차단·진입 강화,SWING_FIB,False,True,,39.05,38.76,30.79,30.59,39.05,-55.66,early_exit,조기청산(매도 후 상승)
KR,028050,삼성E&A,건설,TREND_V8,2026-07-01 15:03:06,2026-07-08 11:35:00,164.53,51300.0,44250.0,11.0,-13.742690058479532,하드스탑 이탈 (손실구간 방어),hard_stop,스윙 BEAR 차단·진입 강화,스윙 BEAR 차단·진입 강화,V6 스나이퍼(수급+MACD+RSI+상투방지),False,True,,-3.84,5.42,11.75,11.19,16.16,-13.45,early_exit,조기청산(매도 후 상승)
US,DHR,Danaher Corporation,Healthcare,SWING_FIB,2026-07-02 04:35:42,2026-07-08 22:31:35,161.93,193.46,187.16,2.0,-3.2564871291223048,[SWING-SELL] 스윙 기술바닥 이탈 (현재가: $190.98 < 기준 $193.27),swing_exit,스윙 BEAR 차단·진입 강화,스윙 BEAR 차단·진입 강화,SWING_FIB,False,True,,7.28,-4.29,6.68,13.0,13.37,-11.44,early_exit,조기청산(매도 후 상승)
US,NOW,"ServiceNow, Inc.",Technology,SWING_FIB,2026-07-09 04:32:54,2026-07-09 22:31:30,17.98,107.76,100.97,9.0,-6.301039346696367,[SWING-SELL] 스윙 기술바닥 이탈 (현재가: $103.03 < 기준 $104.83),swing_exit,스윙 BEAR 차단·진입 강화,스윙 BEAR 차단·진입 강화,SWING_FIB,False,True,,3.01,-8.94,16.22,25.98,28.5,-9.35,early_exit,조기청산(매도 후 상승)
US,VRTX,Vertex Pharmaceuticals Incorporated,Healthcare,SWING_FIB,2026-06-18 04:30:00,2026-07-09 23:16:25,522.77,453.78,485.86,1.0,7.069505046498313,"[SWING-SELL] 오버슈팅 캔들 트레일링 이탈 (현재가: $495.78 < 트레일: $516.11, 전일저가: $512.34)",swing_exit,스윙 BEAR 차단·진입 강화,스윙 BEAR 차단·진입 강화,SWING_FIB,False,True,,0.03,-2.63,-0.38,13.63,13.96,-4.29,neutral,중립
US,TLT,iShares 20+ Year Treasury Bond ETF,Unknown,TREND_V8,2026-07-11 04:31:28,2026-07-13 22:32:16,66.01,84.445,82.52,11.0,-2.279590265853511,하드스탑 이탈 (손실구간 방어),hard_stop,스윙 BEAR 차단·진입 강화,스윙 BEAR 차단·진입 강화,HEDGE_PHASE4,False,True,,1.25,1.08,-0.56,0.61,2.37,-1.64,neutral,중립
US,IBM,International Business Machines Corporation,Technology,SWING_FIB,2026-07-10 04:33:13,2026-07-14 22:31:46,113.98,293.98,220.68,4.0,-24.933668957071912,[SWING-SELL] 스윙 기술바닥 이탈 (현재가: $225.18 < 기준 $291.76),swing_exit,스윙 BEAR 차단·진입 강화,스윙 BEAR 차단·진입 강화,SWING_FIB,False,True,,-5.29,2.38,8.04,7.47,9.57,-10.38,early_exit,조기청산(매도 후 상승)
COIN,USDT-UNI,USDT-UNI,암호화폐,SWING_FIB,2026-07-12 08:30:35,2026-07-15 08:31:25,72.01,3.699,3.663,61.89804,-0.973236009732361,"⏳ [타임스탑 발동] 전략: SWING_FIB, 기준: 72h 초과 청산 ([SWING_TIME_STOP_COIN] 보유 72.0h, 수익률 -0.97% < 유예 2.0%)",time_stop,스윙 BEAR 차단·진입 강화,스윙 BEAR 차단·진입 강화,SWING_FIB,False,True,,4.61,28.36,27.93,-5.21,28.42,-13.24,early_exit,조기청산(매도 후 상승)
COIN,USDT-AAVE,USDT-AAVE,암호화폐,SWING_FIB,2026-07-15 08:31:45,2026-07-17 10:47:03,50.26,98.69,90.99,2.420577,-7.802208937075694,[SWING-SELL] 스윙 기술바닥 이탈 (현재가: 90.9900 < 기준 91.1385),swing_exit,스윙 BEAR 차단·진입 강화,스윙 BEAR 차단·진입 강화,SWING_FIB,False,False,가격 단위 불일치(USDT vs KRW 등),,,,,,,,
COIN,USDT-DEXE,USDT-DEXE,암호화폐,TREND_V8,2026-07-18 08:30:40,2026-07-21 18:01:29,81.51,36.254,26.092,2.24775,-28.03001048160203,하드스탑 이탈 (손실구간 방어),hard_stop,스윙 BEAR 차단·진입 강화,Instant Out 방어,V6 스나이퍼(수급+MACD+RSI+상투방지),False,False,OHLCV 부족,,,,,,,,
US,MPC,Marathon Petroleum Corporation,Energy,SWING_FIB,2026-07-10 04:32:41,2026-07-22 22:46:59,306.24,283.01,324.65,2.0,14.713261015511813,"[SWING-SELL] 1.5R 1차 익절 (현재 1.51R≥1.5R, 목표≥$324.32, 평단 283 수익 +14.71%)",swing_exit,스윙 BEAR 차단·진입 강화,Instant Out 방어,SWING_FIB,False,True,,-4.91,-8.29,11.12,11.12,13.12,-10.56,early_exit,조기청산(매도 후 상승)
US,AAPL,Apple Inc.,Technology,SWING_FIB,2026-07-15 04:33:28,2026-07-23 22:32:00,209.98,315.36,315.12,3.0,-0.07610350076103789,"⏳ [타임스탑 발동] 전략: SWING_FIB, 기준: 72h 초과 청산 ([SWING_TIME_STOP_US] 보유 162.0h, 수익률 +1.96% < 유예 2.0%)",time_stop,스윙 BEAR 차단·진입 강화,Instant Out 방어,SWING_FIB,False,True,,5.72,-0.95,0.54,0.54,9.25,-4.88,neutral,중립
US,TLT,iShares 20+ Year Treasury Bond ETF,Unknown,TREND_V8,2026-07-18 04:31:23,2026-07-23 22:32:04,138.01,84.5567,81.32,11.0,-3.82784569407275,하드스탑 이탈 (손실구간 방어),hard_stop,스윙 BEAR 차단·진입 강화,Instant Out 방어,HEDGE_PHASE4,False,True,,1.41,1.48,2.09,2.09,3.3,-0.18,neutral,중립
US,VLO,Valero Energy Corporation,Energy,SWING_FIB,2026-07-02 04:35:10,2026-07-24 04:46:29,528.19,267.7,299.67,1.0,11.942472917444912,"[SWING-SELL] 오버슈팅 캔들 트레일링 이탈 (현재가: $305.79 < 트레일: $306.96, 전일저가: $306.51)",swing_exit,스윙 BEAR 차단·진입 강화,Instant Out 방어,SWING_FIB,False,True,,4.41,-0.45,15.55,15.55,17.13,-2.74,early_exit,조기청산(매도 후 상승)
KR,037710,광주신세계,백화점과일반상점,TREND_V8,2026-07-06 15:02:23,2026-07-24 09:16:55,426.24,46250.0,39000.0,7.0,-15.675675675675677,"[V8_TIME_STOP_KR] 타임스탑 — 보유 330.2h (≥72h), 수익률 -15.68% < 유예 4.0% → 전량 매도",time_stop,스윙 BEAR 차단·진입 강화,Instant Out 방어,V6 스나이퍼(수급+MACD+RSI+상투방지),False,True,,-3.08,-0.38,-3.33,-3.33,13.08,-15.64,neutral,중립
COIN,USDT-ONDO,USDT-ONDO,암호화폐,SWING_FIB,2026-06-09 08:31:20,2026-07-24 09:17:09,1080.76,0.3652,0.3994,0.16110000000000468,0.17557060446450426,"[V8_TIME_STOP_COIN] 타임스탑 — 보유 48.8h (≥48h), 수익률 +0.18% < 유예 4.0% → 전량 매도",time_stop,market_cycles 분리,Instant Out 방어,SWING_FIB,False,True,,-5.76,-12.37,-16.88,-13.12,12.69,-19.13,good_exit,적절청산(매도 후 하락)
COIN,USDT-ONDO,USDT-ONDO,암호화폐,TREND_V8,2026-07-22 08:31:42,2026-07-24 09:17:09,48.76,0.3987,0.3994,476.96479107999994,0.17557060446450426,"[V8_TIME_STOP_COIN] 타임스탑 — 보유 48.8h (≥48h), 수익률 +0.18% < 유예 4.0% → 전량 매도",time_stop,Instant Out 방어,Instant Out 방어,V6 스나이퍼(수급+MACD+RSI+상투방지),False,True,,-5.76,-12.37,-16.88,-13.12,12.69,-19.13,good_exit,적절청산(매도 후 하락)
COIN,USDT-ZEC,USDT-ZEC,암호화폐,SWING_FIB,2026-05-29 08:47:08,2026-07-24 19:45:48,1354.98,546.39,499.29,0.00010899999999999799,8.24715447154472,V5.0 샹들리에 라인 붕괴 (추세 종료),other,Phase4 + 스윙 리팩터,Instant Out 방어,SWING_FIB,False,False,OHLCV 부족,,,,,,,,
COIN,USDT-ZEC,USDT-ZEC,암호화폐,TREND_V8,2026-07-04 08:30:49,2026-07-24 19:45:48,491.25,461.25,499.29,0.36654412000000003,8.24715447154472,V5.0 샹들리에 라인 붕괴 (추세 종료),other,스윙 BEAR 차단·진입 강화,Instant Out 방어,V6 스나이퍼(수급+MACD+RSI+상투방지),False,False,OHLCV 부족,,,,,,,,
COIN,USDT-ETH,USDT-ETH,암호화폐,SWING_FIB,2026-07-26 08:30:41,2026-07-26 09:30:28,1.0,1874.37,1879.19,0.1657341,0.2571530700982284,"[SWING-SELL] 5MA 트레일링 이탈 (현재가: 1,879 < 5MA: 1,886)",swing_exit,Instant Out 방어,Instant Out 방어,SWING_FIB,False,True,,-0.91,1.65,0.26,21.0,23.71,-2.74,neutral,중립
COIN,USDT-ETH,USDT-ETH,암호화폐,SWING_FIB,2026-07-26 08:30:41,2026-07-29 13:15:57,76.75,1874.37,1891.03,0.0001658999999999966,-3.032556136131727,"[SWING-SELL] 스윙 기술바닥 이탈 (현재가: 1,891 < 기준 1,893)",swing_exit,Instant Out 방어,Instant Out 방어,SWING_FIB,False,True,,-1.81,1.5,1.35,20.24,22.93,-3.34,neutral,중립
COIN,USDT-ETH,USDT-ETH,암호화폐,SWING_FIB,2026-07-27 08:31:01,2026-07-29 13:15:57,52.75,1950.17,1891.03,0.1642695,-3.032556136131727,"[SWING-SELL] 스윙 기술바닥 이탈 (현재가: 1,891 < 기준 1,893)",swing_exit,Instant Out 방어,Instant Out 방어,SWING_FIB,False,True,,-1.81,1.5,1.35,20.24,22.93,-3.34,neutral,중립
COIN,USDT-KAITO,USDT-KAITO,암호화폐,TREND_V8,2026-07-26 08:30:23,2026-07-30 20:15:45,107.76,1.0077,1.0619,112.3,5.378584896298504,V5.0 샹들리에 라인 붕괴 (추세 종료),other,Instant Out 방어,Instant Out 방어,V6 스나이퍼(수급+MACD+RSI+상투방지),False,True,,73.09,-33.14,-66.28,-66.28,74.4,-66.28,good_exit,적절청산(매도 후 하락)
COIN,USDT-TRX,USDT-TRX,암호화폐,SWING_FIB,2026-05-31 08:31:10,2026-07-31 19:16:00,1474.75,0.348,0.3263,0.4689999999999941,-0.7905138339921091,[SWING-SELL] 스윙 기술바닥 이탈 (현재가: 0.3263 < 기준 0.326768),swing_exit,미상,Instant Out 방어,SWING_FIB,False,True,,1.56,2.51,2.48,2.48,11.58,-0.4,neutral,중립
COIN,USDT-TRX,USDT-TRX,암호화폐,SWING_FIB,2026-07-31 08:31:05,2026-07-31 19:16:00,10.75,0.3289,0.3263,935.4941000000001,-0.7905138339921091,[SWING-SELL] 스윙 기술바닥 이탈 (현재가: 0.3263 < 기준 0.326768),swing_exit,Instant Out 방어,Instant Out 방어,SWING_FIB,False,True,,1.56,2.51,2.48,2.48,11.58,-0.4,neutral,중립
COIN,USDT-ETH,USDT-ETH,암호화폐,SWING_FIB,2026-07-27 08:31:01,2026-08-02 03:30:21,138.99,1950.17,1853.31,0.0003304999999999836,-3.8310657243376274,"[SWING-SELL] 스윙 기술바닥 이탈 (현재가: 1,853 < 기준 1,857)",swing_exit,Instant Out 방어,Instant Out 방어,SWING_FIB,False,True,,3.37,1.39,22.69,22.69,25.43,-1.13,early_exit,조기청산(매도 후 상승)
COIN,USDT-ETH,USDT-ETH,암호화폐,SWING_FIB,2026-07-31 08:31:00,2026-08-02 03:30:21,42.99,1927.14,1853.31,0.15952048000000002,-3.8310657243376274,"[SWING-SELL] 스윙 기술바닥 이탈 (현재가: 1,853 < 기준 1,857)",swing_exit,Instant Out 방어,Instant Out 방어,SWING_FIB,False,True,,3.37,1.39,22.69,22.69,25.43,-1.13,early_exit,조기청산(매도 후 상승)
COIN,USDT-ADA,USDT-ADA,암호화폐,SWING_FIB,2026-08-02 08:30:36,2026-08-02 13:15:33,4.75,0.174,0.1818,702.3969,4.482758620689657,"[SWING-SELL] 1.5R 1차 익절 (현재 1.88R≥1.5R, 목표≥0.180225, 평단 0 수익 +4.48%)",swing_exit,Instant Out 방어,Instant Out 방어,SWING_FIB,False,True,,10.62,1.27,3.96,3.96,15.79,-6.6,neutral,중립
COIN,USDT-TRX,USDT-TRX,암호화폐,SWING_FIB,2026-07-31 08:31:05,2026-08-03 09:15:58,72.75,0.3289,0.3262,1.4058999999998605,-0.5184507471790285,[SWING-SELL] 스윙 기술바닥 이탈 (현재가: 0.3262 < 기준 0.326271),swing_exit,Instant Out 방어,Instant Out 방어,SWING_FIB,False,True,,1.56,2.02,2.51,2.51,11.62,-0.21,neutral,중립
COIN,USDT-TRX,USDT-TRX,암호화폐,SWING_FIB,2026-08-02 08:30:29,2026-08-03 09:15:58,24.76,0.3279,0.3262,914.3774000000002,-0.5184507471790285,[SWING-SELL] 스윙 기술바닥 이탈 (현재가: 0.3262 < 기준 0.326271),swing_exit,Instant Out 방어,Instant Out 방어,SWING_FIB,False,True,,1.56,2.02,2.51,2.51,11.62,-0.21,neutral,중립
COIN,USDT-ADA,USDT-ADA,암호화폐,SWING_FIB,2026-08-02 08:30:36,2026-08-05 12:31:18,76.01,0.174,0.1907,703.24830377,9.5977011494253,"[SWING-SELL] 오버슈팅 캔들 트레일링 이탈 (현재가: 0.1907 < 트레일: 0.1911, 전일저가: 0.1911)",swing_exit,Instant Out 방어,Instant Out 방어,SWING_FIB,False,True,,1.68,-5.61,-0.89,-0.89,10.38,-10.96,neutral,중립
US,TLT,iShares 20+ Year Treasury Bond ETF,Unknown,TREND_V8,2026-07-31 04:31:02,2026-08-05 22:31:44,138.01,82.7699966430664,81.29,13.0,-1.7880834880888912,V5.0 샹들리에 라인 붕괴 (추세 종료),other,Instant Out 방어,Instant Out 방어,HEDGE_PHASE4,False,True,,1.01,2.13,2.13,2.13,2.18,-0.15,neutral,중립
COIN,USDT-PEPE,USDT-PEPE,암호화폐,SWING_FIB,2026-08-04 08:31:13,2026-08-06 11:31:28,51.0,2.92e-06,2.84e-06,77595646.68,-2.739726027397263,[SWING-SELL] 스윙 기술바닥 이탈 (현재가: 0.000003 < 기준 0.000003),swing_exit,Instant Out 방어,Instant Out 방어,SWING_FIB,False,True,,-2.46,6.34,5.99,5.99,8.1,-9.86,early_exit,조기청산(매도 후 상승)
US,DELL,Dell Technologies Inc.,Technology,SWING_FIB,2026-08-04 04:32:41,2026-08-07 22:31:31,89.98,429.885009765625,429.24,1.0,-0.15004239528534682,"[SWING_TIME_STOP_US] 타임스탑 — 보유 90.0h (≥72h), 수익률 +1.89% < 유예 2.0% → 전량 매도",time_stop,Instant Out 방어,Instant Out 방어,SWING_FIB,False,True,,14.34,1.94,1.94,1.94,19.75,-0.4,neutral,중립
US,GE,GE Aerospace,Industrials,SWING_FIB,2026-08-06 04:33:31,2026-08-10 23:01:44,114.47,380.760009765625,362.26,3.0,-4.85870608549795,[SWING-SELL] 스윙 기술바닥 이탈 (현재가: $369.65 < 기준 $370.30),swing_exit,Instant Out 방어,Instant Out 방어,SWING_FIB,False,True,,1.98,-1.66,-1.66,-1.66,3.68,-1.73,neutral,중립
COIN,USDT-BTC,USDT-BTC,암호화폐,SWING_FIB,2026-08-08 08:30:58,2026-08-11 00:31:35,64.01,64888.7,64413.46,0.00465534,-0.7323925429234952,"[SWING-SELL] 스윙 기술바닥 이탈 (현재가: 64,413 < 기준 64,481)",swing_exit,Instant Out 방어,Instant Out 방어,SWING_FIB,False,True,,-2.35,8.09,8.09,8.09,8.36,-2.66,early_exit,조기청산(매도 후 상승)
COIN,USDT-MMT,USDT-MMT,암호화폐,TREND_V8,2026-08-11 08:46:08,2026-08-11 12:31:07,3.75,0.2052,0.204,1455.4431,-0.5847953216374302,하드스탑 이탈 (손실구간 방어),hard_stop,Instant Out 방어,Instant Out 방어,V6 스나이퍼(수급+MACD+RSI+상투방지),False,True,,13.73,13.73,13.73,13.73,14.9,-19.36,early_exit,조기청산(매도 후 상승)
US,TLT,iShares 20+ Year Treasury Bond ETF,Unknown,TREND_V8,2026-08-08 04:31:34,2026-08-12 22:32:32,114.02,82.75,80.8,13.0,-2.356495468277949,하드스탑 이탈 (손실구간 방어),hard_stop,Instant Out 방어,Instant Out 방어,HEDGE_PHASE4,False,True,,2.75,2.75,2.75,2.75,2.8,0.46,neutral,중립
KR,085620,미래에셋생명,생명보험,TREND_V8,2026-08-12 15:01:38,2026-08-13 09:01:49,18.0,19070.0,19180.0,11.0,0.5768222338751966,MANUAL,manual,Instant Out 방어,Instant Out 방어,V6 스나이퍼(수급+MACD+RSI+상투방지),False,True,,29.04,29.04,29.04,29.04,31.13,0.83,early_exit,조기청산(매도 후 상승)
COIN,USDT-TRX,USDT-TRX,암호화폐,SWING_FIB,2026-08-02 08:30:29,2026-08-15 19:30:46,323.0,0.3279,0.3316,2.322599999999852,-1.3388872359416852,하드스탑 이탈 (손실구간 방어),hard_stop,Instant Out 방어,Instant Out 방어,SWING_FIB,False,True,,0.84,0.84,0.84,0.84,9.8,-1.03,neutral,중립
COIN,USDT-TRX,USDT-TRX,암호화폐,TREND_V8,2026-08-13 08:31:47,2026-08-15 19:30:46,58.98,0.3361,0.3316,882.6915000000001,-1.3388872359416852,하드스탑 이탈 (손실구간 방어),hard_stop,Instant Out 방어,Instant Out 방어,V6 스나이퍼(수급+MACD+RSI+상투방지),False,True,,0.84,0.84,0.84,0.84,9.8,-1.03,neutral,중립
US,ETN,Eaton Corporation plc,Industrials,SWING_FIB,2026-08-12 04:32:47,2026-08-17 22:32:19,137.99,459.75,446.2,2.0,-2.954641843470325,[SWING-SELL] 스윙 기술바닥 이탈 (현재가: $455.31 < 기준 $459.33),swing_exit,Instant Out 방어,Instant Out 방어,SWING_FIB,False,True,,-4.83,-4.83,-4.83,-4.83,-0.29,-6.49,neutral,중립
US,NVDA,NVIDIA Corporation,Technology,SWING_FIB,2026-08-14 04:34:31,2026-08-18 22:32:34,113.97,225.85000610351562,215.42,5.0,-4.618111942284017,[SWING-SELL] 스윙 기술바닥 이탈 (현재가: $219.82 < 기준 $222.85),swing_exit,Instant Out 방어,Instant Out 방어,SWING_FIB,False,True,,0.99,0.99,0.99,0.99,3.46,0.62,neutral,중립
US,TLT,iShares 20+ Year Treasury Bond ETF,Unknown,TREND_V8,2026-08-18 04:32:31,2026-08-18 23:32:18,19.0,81.38500213623047,79.95,13.0,-1.76322675992367,V5.0 샹들리에 라인 붕괴 (추세 종료),other,Instant Out 방어,Instant Out 방어,HEDGE_PHASE4,False,True,,3.84,3.84,3.84,3.84,3.89,3.33,neutral,중립
US,DXCM,"DexCom, Inc.",Healthcare,TREND_V8,2026-08-04 04:32:22,2026-08-20 04:47:05,384.25,87.0,89.91,13.0,3.2795359255642866,MANUAL,manual,Instant Out 방어,Equity 스냅샷 서킷 (로컬),V6 스나이퍼(수급+MACD+RSI+상투방지),False,False,매도일 이후 데이터 없음,,,,,,,,
US,TLT,iShares 20+ Year Treasury Bond ETF,Unknown,TREND_V8,2026-08-20 04:32:07,2026-08-20 04:47:23,0.25,82.92500305175781,82.89,13.0,-0.04221049197425378,MANUAL,manual,Equity 스냅샷 서킷 (로컬),Equity 스냅샷 서킷 (로컬),HEDGE_PHASE4,False,False,매도일 이후 데이터 없음,,,,,,,,
